<?xml version="1.0" encoding="UTF-8"?>
<project-private xmlns="http://www.netbeans.org/ns/project-private/1">
    <editor-bookmarks xmlns="http://www.netbeans.org/ns/editor-bookmarks/2" lastBookmarkId="20">
        <file>
            <url>src/Rooms/Room4.java</url>
            <bookmark id="13">
                <name/>
                <line>756</line>
                <key/>
            </bookmark>
        </file>
        <file>
            <url>src/Rooms/RunGame.java</url>
            <bookmark id="12">
                <name/>
                <line>80</line>
                <key/>
            </bookmark>
            <bookmark id="19">
                <name/>
                <line>218</line>
                <key/>
            </bookmark>
            <bookmark id="18">
                <name/>
                <line>654</line>
                <key/>
            </bookmark>
            <bookmark id="10">
                <name/>
                <line>767</line>
                <key/>
            </bookmark>
            <bookmark id="8">
                <name/>
                <line>860</line>
                <key/>
            </bookmark>
            <bookmark id="15">
                <name/>
                <line>879</line>
                <key/>
            </bookmark>
            <bookmark id="20">
                <name/>
                <line>1011</line>
                <key/>
            </bookmark>
            <bookmark id="7">
                <name/>
                <line>1195</line>
                <key/>
            </bookmark>
            <bookmark id="11">
                <name/>
                <line>1219</line>
                <key/>
            </bookmark>
            <bookmark id="16">
                <name/>
                <line>1359</line>
                <key/>
            </bookmark>
            <bookmark id="17">
                <name/>
                <line>1556</line>
                <key/>
            </bookmark>
        </file>
        <file>
            <url>src/Rooms/Room3.java</url>
            <bookmark id="14">
                <name/>
                <line>358</line>
                <key/>
            </bookmark>
        </file>
    </editor-bookmarks>
    <open-files xmlns="http://www.netbeans.org/ns/projectui-open-files/2">
        <group>
            <file>file:/C:/Users/kjpay/Documents/NetBeansProjects/SilverArrow_DungeonDemo/src/Character/CharacterPane.java</file>
            <file>file:/C:/Users/kjpay/Documents/NetBeansProjects/SilverArrow_DungeonDemo/src/Rooms/Room3.java</file>
            <file>file:/C:/Users/kjpay/Documents/NetBeansProjects/SilverArrow_DungeonDemo/src/Rooms/RunGame.java</file>
            <file>file:/C:/Users/kjpay/Documents/NetBeansProjects/SilverArrow_DungeonDemo/src/Rooms/Room4.java</file>
            <file>file:/C:/Users/kjpay/Documents/NetBeansProjects/SilverArrow_DungeonDemo/src/Rooms/Room.java</file>
            <file>file:/C:/Users/kjpay/Documents/NetBeansProjects/SilverArrow_DungeonDemo/src/Object/ObjectPane.java</file>
            <file>file:/C:/Users/kjpay/Documents/NetBeansProjects/SilverArrow_DungeonDemo/src/Rooms/BeginningRoom.java</file>
            <file>file:/C:/Users/kjpay/Documents/NetBeansProjects/SilverArrow_DungeonDemo/src/Rooms/Room5.java</file>
            <file>file:/C:/Users/kjpay/Documents/NetBeansProjects/SilverArrow_DungeonDemo/src/Rooms/UnderConstruction.java</file>
            <file>file:/C:/Users/kjpay/Documents/NetBeansProjects/SilverArrow_DungeonDemo/src/Rooms/GameOver.java</file>
            <file>file:/C:/Users/kjpay/Documents/NetBeansProjects/SilverArrow_DungeonDemo/src/Rooms/HomeScreen.java</file>
            <file>file:/C:/Users/kjpay/Documents/NetBeansProjects/SilverArrow_DungeonDemo/src/Rooms/Room2.java</file>
        </group>
    </open-files>
</project-private>
